{
  "project_info": {
    "project_number": "858494428866",
    "firebase_url": "https://qrparking-b6fa9-default-rtdb.firebaseio.com",
    "project_id": "qrparking-b6fa9",
    "storage_bucket": "qrparking-b6fa9.appspot.com"
  },
  "client": [
    {
      "client_info": {
        "mobilesdk_app_id": "1:858494428866:android:737b20453dc6fb0a49bd5b",
        "android_client_info": {
          "package_name": "com.example.qr_park"
        }
      },
      "oauth_client": [
        {
          "client_id": "858494428866-ldk92aui0ada49bk21shqudupiu716rb.apps.googleusercontent.com",
          "client_type": 1,
          "android_info": {
            "package_name": "com.example.qr_park",
            "certificate_hash": "b29486c17f8b96aa6a45c5c7fd158bf19bde0a04"
          }
        },
        {
          "client_id": "858494428866-1uiftfcqrqlocrooel59go54fe31fv5k.apps.googleusercontent.com",
          "client_type": 3
        }
      ],
      "api_key": [
        {
          "current_key": "AIzaSyB8ckGHNE3BAGPVZrTdy7HYczgoBG7Xhl8"
        },
        {
          "current_key": "AIzaSyDKbbQNTgijYR8YwvJP5kAblKSHLo0I5wA"
        }
      ],
      "services": {
        "appinvite_service": {
          "other_platform_oauth_client": [
            {
              "client_id": "111936333439988413859",
              "client_type": 3
            }
          ]
        }
      }
    },
    {
      "client_info": {
        "mobilesdk_app_id": "1:858494428866:android:ed630cb3c45f55c349bd5b",
        "android_client_info": {
          "package_name": "com.example.qrcode"
        }
      },
      "oauth_client": [
        {
          "client_id": "858494428866-300tuafu5g7n6idousq7qn45v2mbirg2.apps.googleusercontent.com",
          "client_type": 1,
          "android_info": {
            "package_name": "com.example.qrcode",
            "certificate_hash": "eecffc68267a2c11f0b643f4f7feaa93e49cbefb"
          }
        },
        {
          "client_id": "858494428866-1uiftfcqrqlocrooel59go54fe31fv5k.apps.googleusercontent.com",
          "client_type": 3
        }
      ],
      "api_key": [
        {
          "current_key": "AIzaSyB8ckGHNE3BAGPVZrTdy7HYczgoBG7Xhl8"
        },
        {
          "current_key": "AIzaSyDKbbQNTgijYR8YwvJP5kAblKSHLo0I5wA"
        }
      ],
      "services": {
        "appinvite_service": {
          "other_platform_oauth_client": [
            {
              "client_id": "111936333439988413859",
              "client_type": 3
            }
          ]
        }
      }
    },
    {
      "client_info": {
        "mobilesdk_app_id": "1:858494428866:android:ce0c04c9559f752749bd5b",
        "android_client_info": {
          "package_name": "com.example.qrparking"
        }
      },
      "oauth_client": [
        {
          "client_id": "858494428866-3ng0pb0nhd5qfmg9jkqkes36ndgh9isc.apps.googleusercontent.com",
          "client_type": 1,
          "android_info": {
            "package_name": "com.example.qrparking",
            "certificate_hash": "e9e480cf22394c75b493e9be37dc60097ff171ec"
          }
        },
        {
          "client_id": "858494428866-1uiftfcqrqlocrooel59go54fe31fv5k.apps.googleusercontent.com",
          "client_type": 3
        }
      ],
      "api_key": [
        {
          "current_key": "AIzaSyB8ckGHNE3BAGPVZrTdy7HYczgoBG7Xhl8"
        },
        {
          "current_key": "AIzaSyDKbbQNTgijYR8YwvJP5kAblKSHLo0I5wA"
        }
      ],
      "services": {
        "appinvite_service": {
          "other_platform_oauth_client": [
            {
              "client_id": "111936333439988413859",
              "client_type": 3
            }
          ]
        }
      }
    }
  ],
  "configuration_version": "1"
}